{"cameraMode":{"drawMode":0,"name":"Shaded","section":"Shading Mode"},"sceneLighting":true,"audioPlay":false,"sceneViewState":{"showFog":true,"showMaterialUpdate":false,"showSkybox":true,"showFlares":true,"showImageEffects":true,"showParticleSystems":true},"in2DMode":false,"pivot":{"x":2.991025924682617,"y":1.9534931182861329,"z":0.2144632339477539},"rotation":{"x":-0.2604126036167145,"y":0.21160925924777986,"z":-0.05921269580721855,"w":-0.940285861492157},"size":10.0,"orthographic":false}